mosaic_id;ra_dates;dec_dates;date;flux_dates
P000+03;0.008;3.314;2021-04-14 09:49:19;0.98
P000+23;0.031;23.395;2019-02-21 17:43:56;0.866
P000+31;0.22;30.927;2019-08-06 15:11:10;1.109
P000+36;0.143;35.946;2019-07-15 04:39:10;1.205
P000+38;0.947;38.463;2019-05-06 07:51:50;1.115
P000+48;0.649;48.5;2019-06-17 17:11:28;0.932
P001+26;1.793;25.921;2019-06-17 09:16:28;1.261
P001+33;1.178;33.445;2019-08-13 08:37:38;0.903
P001+41;1.091;40.974;2020-02-14 01:26:20;1.025
P002+01;2.544;0.826;2019-06-18 22:00:45;0.927
P002+18;2.178;18.394;2020-01-27 14:50:00;0.893
P002+21;2.267;20.905;2019-11-21 22:55:51;0.953
P002+23;2.851;23.42;2019-07-24 22:34:46;0.931
P002+28;2.643;28.438;2019-07-12 22:53:10;1.27
P003+31;3.238;30.953;2019-07-10 01:39:46;1.003
P003+36;3.341;35.974;2019-03-22 22:12:43;1.021
P004+16;4.576;15.905;2018-11-13 18:13:17;0.968
P004+18;4.906;18.418;2019-10-14 10:56:23;0.85
P004+26;4.673;25.946;2019-07-16 21:16:34;1.046
P004+33;4.281;33.472;2019-07-16 18:22:04;0.935
P004+38;4.254;38.492;2019-05-18 09:05:55;1.118
P004+41;4.521;41.004;2019-12-08 16:15:22;0.976
P005+01;5.133;0.848;2021-02-07 17:30:41;1.023
P005+21;5.04;20.929;2019-10-12 22:29:07;0.921
P005+23;5.671;23.444;2019-02-21 17:35:56;1.07
P005+28;5.587;28.464;2019-06-20 01:42:07;0.99
P006+31;6.257;30.98;2018-09-16 00:56:45;1.018
P006+36;6.54;36.002;2018-09-20 23:16:58;1.115
P007+16;7.268;15.928;2019-04-16 05:49:06;0.906
P007+18;7.634;18.441;2020-02-14 02:53:08;1.016
P007+21;7.809;20.953;2019-05-14 12:07:24;1.071
P007+26;7.551;25.971;2019-03-20 11:52:07;1.052
P007+33;7.385;33.499;2019-07-30 20:39:25;0.884
P007+39;7.562;38.521;2018-09-19 17:42:42;0.873
P007+41;7.952;41.034;2020-01-29 04:01:43;1.012
P007+64;7.67;63.616;2019-04-08 17:21:54;1.065
P008+08;8.813;8.411;2019-02-21 20:50:53;1.029
P008+23;8.493;23.469;2019-08-13 09:38:03;1.18
P008+28;8.532;28.489;2019-07-30 22:59:34;1.027
P009+16;9.96;15.952;2019-02-21 19:30:32;1.136
P009+31;9.277;31.006;2019-08-12 17:33:23;1.075
P009+36;9.741;36.03;2019-05-06 18:54:17;0.856
P010+01;10.31;0.893;2018-11-14 07:02:33;0.819
P010+18;10.363;18.465;2019-02-20 18:45:48;0.957
P010+21;10.581;20.977;2019-11-26 09:54:58;1.1
P010+26;10.43;25.996;2018-09-19 21:08:01;0.968
P010+34;10.49;33.526;2019-08-05 04:52:34;0.942
P010+39;10.872;38.55;2019-06-21 01:14:09;0.937
P011+13;11.361;13.453;2019-02-19 11:15:24;1.007
P011+23;11.315;23.494;2019-02-20 17:50:26;1.208
P011+29;11.478;28.515;2019-08-17 14:42:04;1.002
P011+41;11.385;41.064;2020-02-11 12:34:01;0.896
P012+31;12.298;31.032;2019-07-10 21:35:15;0.942
P012+36;12.942;36.058;2019-03-22 05:27:10;1.012
P013+18;13.093;18.489;2019-07-04 15:04:16;1.093
P013+21;13.354;21.001;2019-10-02 14:09:21;1.043
P013+26;13.31;26.021;2019-01-25 02:29:25;0.991
P013+34;13.597;33.553;2018-09-16 11:22:55;0.856
P013+74;13.642;73.698;2021-03-02 13:09:56;1.034
P014+08;14.047;8.456;2020-10-29 19:16:02;1.026
P014+24;14.138;23.518;2018-11-15 13:37:37;1.443
P014+29;14.424;28.541;2019-03-23 19:17:49;1.169
P014+39;14.183;38.578;2018-09-20 00:21:08;0.976
P014+41;14.819;41.094;2020-01-28 00:27:04;0.921
P015+01;15.489;0.938;2018-11-14 08:12:07;1.133
P015+19;15.822;18.512;2019-09-24 04:28:56;0.941
P015+31;15.319;31.058;2019-04-28 18:00:09;0.952
P016+21;16.127;21.025;2019-11-24 05:43:28;1.293
P016+24;16.962;23.542;2019-07-29 12:56:17;1.284
P016+26;16.191;26.046;2019-03-13 15:54:53;1.083
P016+34;16.703;33.58;2018-09-23 20:30:26;0.984
P016+36;16.145;36.085;2018-09-18 23:33:25;1.145
P017+29;17.371;28.566;2019-08-06 14:11:09;0.957
P017+39;17.495;38.607;2018-09-18 17:19:17;1.025
P018+01;18.076;0.961;2019-09-18 09:37:11;1.082
P018+19;18.552;18.536;2019-02-18 18:02:55;1.019
P018+21;18.904;21.049;2019-09-16 01:54:53;1.131
P018+31;18.341;31.084;2019-07-07 08:51:29;0.936
P018+41;18.255;41.123;2020-01-28 12:49:06;0.892
P019+11;19.1;11.01;2020-10-29 21:52:55;0.95
P019+24;19.785;23.567;2019-02-18 10:37:21;0.856
P019+26;19.073;26.071;2019-08-14 19:09:02;1.017
P019+34;19.811;33.607;2019-06-19 22:21:24;0.783
P019+36;19.349;36.113;2019-06-19 23:32:11;1.114
P020+01;20.665;0.983;2019-06-06 22:43:01;1.04
P020+29;20.319;28.591;2019-07-19 03:19:19;1.029
P020+39;20.809;38.636;2019-06-05 00:51:48;1.047
P021+19;21.282;18.559;2019-02-18 02:36:57;1.05
P021+21;21.674;21.073;2019-09-22 21:44:12;0.862
P021+26;21.955;26.096;2019-05-26 06:35:38;1.005
P021+31;21.364;31.11;2019-04-25 19:02:43;1.035
P021+41;21.693;41.153;2020-01-28 01:31:24;1.036
P022+24;22.61;23.591;2019-02-17 14:45:25;1.097
P022+34;22.919;33.634;2019-04-27 21:00:53;0.957
P022+36;22.554;36.141;2019-04-24 16:01:27;1.018
P022+44;22.673;43.671;2020-05-10 12:47:12;1.224
P023+29;23.268;28.617;2018-09-17 06:33:26;0.989
P024+19;24.013;18.583;2019-04-18 04:24:49;0.99
P024+21;24.448;21.097;2019-10-21 17:39:08;1.061
P024+26;24.837;26.12;2019-04-26 13:40:12;1.01
P024+31;24.389;31.136;2019-07-07 19:33:26;1.072
P024+39;24.123;38.664;2019-06-03 19:59:26;1.281
P025+24;25.435;23.615;2019-04-15 08:25:54;0.988
P025+36;25.76;36.168;2019-07-12 16:31:21;0.964
P025+41;25.132;41.182;2018-09-16 05:10:37;1.243
P026+19;26.744;18.606;2019-10-03 04:29:45;1.039
P026+29;26.218;28.642;2019-07-16 15:56:40;0.986
P026+34;26.029;33.66;2019-06-05 01:15:07;1.192
P027+21;27.223;21.12;2019-03-31 17:53:07;0.856
P027+26;27.721;26.145;2019-07-14 03:06:09;1.051
P027+31;27.413;31.162;2019-05-17 14:32:39;1.019
P027+39;27.439;38.692;2019-05-21 01:51:07;1.12
P028+24;28.26;23.639;2019-04-02 09:49:04;0.885
P028+36;28.968;36.195;2019-07-12 01:09:01;0.889
P028+41;28.572;41.212;2018-11-14 08:40:45;1.136
P028+49;28.064;48.736;2018-11-15 08:14:55;1.049
P029+19;29.476;18.63;2019-02-17 14:05:28;0.954
P029+21;29.998;21.144;2018-11-11 11:05:37;1.044
P029+29;29.168;28.667;2019-07-12 07:54:45;1.188
P029+34;29.14;33.687;2018-09-17 00:19:22;0.929
P029+44;29.835;43.732;2021-04-19 05:17:43;1.19
P030+26;30.605;26.169;2019-07-19 08:03:04;1.223
P030+31;30.439;31.188;2019-07-16 15:39:03;1.07
P030+39;30.757;38.72;2019-05-23 22:20:28;1.176
P031+24;31.086;23.663;2019-07-23 13:38:30;1.029
P031+46;31.991;46.26;2018-11-12 06:54:23;1.153
P032+19;32.208;18.653;2019-09-25 10:54:10;1.031
P032+21;32.774;21.168;2019-09-14 17:16:39;0.933
P032+29;32.117;28.692;2019-04-03 17:29:55;1.054
P032+34;32.251;33.713;2019-07-08 23:53:30;1.113
P032+36;32.176;36.222;2018-09-16 23:28:52;1.053
P032+41;32.014;41.241;2019-09-15 02:06:06;1.114
P033+24;33.915;23.687;2019-07-19 21:28:17;0.878
P033+26;33.489;26.194;2019-08-02 04:31:33;1.014
P033+31;33.465;31.213;2019-04-30 13:52:45;0.934
P034+39;34.076;38.748;2019-05-18 21:08:24;0.97
P035+29;35.069;28.717;2019-07-10 15:37:02;0.92
P035+34;35.364;33.739;2019-04-07 02:59:28;0.964
P035+36;35.386;36.249;2019-07-05 13:18:20;1.006
P035+41;35.458;41.27;2018-11-11 09:28:06;1.032
P035+46;35.736;46.292;2016-03-23 17:38:08;0.734
P035+49;35.921;48.803;2018-11-10 18:16:14;1.087
P036+24;36.74;23.711;2020-02-08 21:29:18;0.787
P036+26;36.375;26.218;2019-08-25 07:56:53;1.074
P036+31;36.493;31.239;2018-09-17 00:47:17;0.865
P037+19;37.673;18.698;2019-09-04 10:25:21;1.135
P037+39;37.396;38.776;2019-03-04 09:41:32;0.981
P038+01;38.787;1.137;2018-09-24 07:29:44;1.107
P038+29;38.021;28.742;2019-06-24 13:43:05;1.045
P038+34;38.477;33.765;2019-05-12 05:52:08;0.922
P038+36;38.599;36.276;2019-07-19 04:50:45;0.98
P038+41;38.903;41.299;2020-01-28 07:02:55;1.014
P039+16;39.593;16.204;2018-11-09 23:36:35;0.921
P039+26;39.26;26.242;2019-07-19 19:08:23;1.012
P039+31;39.521;31.264;2018-09-16 04:29:47;0.911
P040+11;40.203;11.189;2018-11-09 00:38:23;0.901
P040+29;40.974;28.766;2019-04-24 19:50:20;0.922
P040+39;40.72;38.804;2019-08-24 17:24:41;1.107
P041+34;41.593;33.791;2019-08-31 03:07:53;0.919
P041+36;41.808;36.303;2019-05-01 02:15:14;0.859
P041+74;41.555;73.934;2019-04-11 04:33:23;1.058
P042+26;42.147;26.266;2020-12-21 01:00:00;1.038
P042+41;42.35;41.327;2019-09-01 18:41:36;1.12
P043+14;43.316;13.725;2018-11-08 06:59:36;1.07
P043+19;43.139;18.744;2018-11-09 15:50:56;1.069
P044+34;44.707;33.817;2019-07-06 23:08:53;0.897
P044+39;44.04;38.831;2019-05-31 23:20:37;0.917
P044+44;44.181;43.852;2019-02-17 15:21:51;0.876
P045+19;45.873;18.766;2018-11-08 12:35:51;1.471
P045+36;45.021;36.329;2019-07-24 14:45:08;0.908
P047+26;47.921;26.313;2020-12-12 02:16:27;1.134
P048+11;48.119;11.254;2018-11-05 17:31:52;1.02
P048+14;48.645;13.769;2018-11-05 01:25:39;0.99
P050+09;50.699;8.765;2019-07-24 01:26:18;0.98
P051+31;51.641;31.363;2020-10-05 05:59:09;0.972
P052+29;52.791;28.863;2020-09-18 16:29:03;1.011
P054+31;54.673;31.388;2019-08-06 02:38:45;0.998
P054+69;54.174;69.023;2018-11-03 13:35:05;0.994
P057+31;57.706;31.412;2020-09-16 03:57:55;1.091
P057+34;57.178;33.917;2020-09-26 17:49:10;0.979
P058+11;58.678;11.339;2018-11-07 01:23:32;1.187
P060+31;60.74;31.436;2020-08-19 23:08:51;1.12
P060+74;60.384;74.085;2018-11-04 12:54:16;1.049
P061+29;61.662;28.933;2020-03-27 08:52:30;1.223
P062+24;62.206;23.917;2021-02-11 08:24:45;1.234
P062+26;62.368;26.428;2020-06-27 23:15:51;1.398
P063+11;63.959;11.38;2018-11-04 21:47:43;1.117
P064+29;64.62;28.956;2020-02-06 17:12:56;1.238
P065+19;65.019;18.919;2020-10-08 01:57:49;1.085
P065+24;65.039;23.939;2020-09-19 00:18:51;0.989
P065+26;65.259;26.451;2019-09-25 06:56:41;1.064
P066+87;66.127;86.568;2018-10-31 19:49:44;1.787
P067+19;67.755;18.94;2020-09-19 06:04:30;1.217
P067+24;67.87;23.961;2020-02-05 08:18:07;0.866
P067+29;67.579;28.978;2019-09-25 12:15:31;1.12
P068+21;68.897;21.458;2020-03-04 15:21:48;1.161
P068+26;68.15;26.473;2019-09-23 04:30:01;1.084
P068+69;68.689;69.136;2018-10-31 14:04:24;1.086
P069+01;69.856;1.384;2019-02-17 15:34:25;1.231
P070+24;70.703;23.982;2020-10-04 04:39:56;1.035
P070+29;70.539;29.001;2020-06-20 04:05:38;1.045
P071+06;71.269;6.416;2020-06-26 10:17:27;1.243
P071+09;71.656;8.929;2019-02-21 02:49:01;1.321
P071+26;71.043;26.495;2020-02-15 13:14:13;1.543
P072+01;72.445;1.404;2019-03-18 15:04:23;1.372
P072+04;72.63;3.916;2020-06-10 05:02:41;1.082
P072+44;72.958;44.078;2021-01-28 09:00:28;1.121
P073+06;73.874;6.435;2020-05-21 21:49:59;1.373
P074+09;74.276;8.948;2019-02-10 09:57:13;1.643
P075+01;75.034;1.423;2020-06-26 10:08:37;1.302
P075+04;75.224;3.935;2020-05-29 01:02:17;1.282
P075+82;75.736;81.704;2018-10-31 01:30:38;1.843
P076+06;76.48;6.454;2019-02-18 01:17:26;1.654
P084+54;84.455;54.2;2020-03-24 09:32:07;0.806
P087+49;87.233;49.201;2019-03-15 10:40:36;0.951
P089+59;89.689;59.255;2020-06-14 03:17:22;0.969
P097+69;97.936;69.345;2019-02-16 15:51:27;1.021
P098+74;98.549;74.361;2018-10-30 10:31:49;1.138
P102+64;102.226;64.357;2021-01-30 16:50:46;0.947
P104+34;104.069;34.257;2019-02-17 15:28:46;0.953
P105+69;105.291;69.393;2018-10-28 09:27:30;1.073
P108+62;108.16;61.888;2019-07-01 06:31:29;1.251
P108+64;108.216;64.396;2019-04-01 16:19:08;1.18
P109+37;109.494;36.802;2020-10-06 18:52:07;0.89
P10Hetdex;170.437;49.748;2018-07-12 22:01:32;0.919
P110+34;110.334;34.297;2019-08-22 15:49:45;1.018
P110+39;110.746;39.32;2020-02-09 19:35:39;1.057
P111+27;111.588;26.776;2019-12-05 11:51:30;0.734
P111+67;111.526;66.925;2019-02-08 10:49:44;1.051
P111+72;111.605;71.94;2019-06-24 07:33:25;1.081
P112+29;112.036;29.288;2018-10-27 18:57:46;1.037
P112+32;112.423;31.801;2019-03-09 02:17:39;1.058
P112+37;112.727;36.822;2019-02-08 21:47:11;0.965
P112+44;112.695;44.351;2019-06-28 16:03:12;0.966
P112+69;112.662;69.44;2018-10-27 11:22:34;1.043
P113+34;113.468;34.317;2019-09-04 19:11:19;0.941
P113+87;113.635;86.876;2021-03-22 20:32:53;1.707
P114+27;114.492;26.794;2019-12-03 12:36:28;0.963
P114+39;114.093;39.341;2019-08-18 22:57:26;0.911
P115+29;115.004;29.307;2019-08-31 20:07:36;0.91
P115+32;115.469;31.82;2019-08-22 15:09:23;1.044
P115+37;115.962;36.843;2019-09-24 16:16:37;1.017
P115+59;115.081;59.422;2019-04-01 05:35:17;1.245
P116+34;116.603;34.337;2019-02-15 20:18:28;0.874
P117+27;117.388;26.812;2019-09-10 17:52:08;1.04
P117+29;117.973;29.325;2019-10-20 13:03:30;1.089
P117+39;117.441;39.361;2018-09-16 05:06:18;1.029
P117+57;117.451;56.928;2020-02-24 15:35:20;1.048
P118+14;118.017;14.265;2019-03-16 03:46:32;0.864
P118+32;118.516;31.839;2019-10-03 13:00:02;1.023
P118+42;118.535;41.878;2019-12-02 04:27:32;0.838
P119+34;119.739;34.356;2019-08-24 02:38:54;0.924
P119+37;119.197;36.863;2019-08-26 17:25:40;1.005
P119+49;119.002;49.41;2020-09-05 03:00:12;1.025
P119+54;119.972;54.434;2020-02-17 22:08:44;1.297
P119+62;119.166;61.956;2019-06-28 06:08:21;1.083
P11Hetdex12;172.558;47.493;2018-07-26 09:06:04;0.986
P120+27;120.289;26.829;2019-09-27 08:11:38;1.025
P120+29;120.943;29.343;2018-09-14 21:27:38;1.022
P120+39;120.79;39.382;2019-09-10 11:20:20;0.91
P120+69;120.05;69.486;2018-10-27 07:42:13;1.02
P121+32;121.564;31.857;2019-03-17 07:44:15;0.971
P121+52;121.999;51.937;2019-12-01 15:53:05;0.813
P122+34;122.875;34.375;2019-08-18 21:27:52;1.032
P122+37;122.433;36.882;2019-08-19 03:30:10;1.103
P122+42;122.012;41.899;2019-02-18 06:25:01;0.874
P122+47;122.443;46.921;2019-12-09 09:44:23;1.065
P122+49;122.983;49.434;2020-01-29 08:01:55;0.985
P122+57;122.198;56.957;2020-01-28 11:23:44;1.091
P123+14;123.359;14.298;2019-03-20 05:05:07;0.94
P123+17;123.295;16.808;2019-03-09 15:50:05;0.993
P123+27;123.19;26.847;2019-09-10 23:28:18;1.047
P123+29;123.914;29.361;2019-09-09 06:08:11;0.852
P123+44;123.563;44.418;2019-12-01 06:32:48;0.857
P124+32;124.612;31.875;2019-09-08 18:28:21;0.876
P124+39;124.14;39.402;2019-09-08 19:58:34;1.136
P124+54;124.426;54.461;2020-02-11 19:49:44;1.019
P124+62;124.678;61.989;2020-01-22 17:13:25;1.266
P124+67;124.77;67.006;2018-08-13 17:48:49;1.193
P125+37;125.67;36.901;2019-09-07 09:25:20;0.856
P125+42;125.491;41.92;2019-12-09 04:34:51;1.077
P125+59;125.273;59.484;2019-12-02 08:11:14;1.189
P126+02;126.824;1.768;2020-11-30 14:42:22;1.587
P126+09;126.711;9.298;2019-02-28 12:45:54;0.97
P126+27;126.093;26.864;2019-10-19 19:51:19;1.096
P126+29;126.883;29.379;2018-09-14 21:15:00;0.945
P126+34;126.012;34.394;2019-03-10 08:37:54;0.948
P126+47;126.234;46.944;2019-11-30 09:26:50;0.96
P126+49;126.965;49.458;2020-02-01 03:17:15;1.002
P126+52;126.2;51.962;2020-02-11 14:25:27;0.598
P126+57;126.949;56.985;2020-02-10 11:29:14;1.056
P126+65;126.237;64.507;2018-08-14 12:40:37;1.208
P127+32;127.661;31.894;2019-08-20 15:22:09;0.893
P127+39;127.49;39.422;2019-04-08 23:02:52;1.015
P127+44;127.189;44.44;2020-02-09 22:09:40;1.11
P128+27;128.994;26.882;2019-08-19 12:48:18;0.951
P128+37;128.908;36.921;2018-09-12 18:04:21;0.952
P128+42;128.971;41.941;2019-02-14 01:21:34;0.959
P128+54;128.882;54.488;2020-01-29 00:17:48;1.05
P129+02;129.414;1.783;2020-12-06 01:14:48;1.024
P129+29;129.858;29.397;2019-03-13 08:46:24;0.938
P129+34;129.15;34.412;2018-10-27 03:17:52;0.915
P12Hetdex11;172.558;52.122;2018-07-24 00:21:12;0.968
P130+32;130.71;31.912;2019-04-05 06:01:24;0.895
P130+39;130.842;39.442;2019-12-10 15:28:10;1.037
P130+44;130.816;44.461;2019-03-13 17:54:25;1.098
P130+47;130.028;46.966;2019-02-13 14:01:16;1.048
P130+49;130.95;49.481;2020-01-23 18:12:57;0.969
P130+52;130.403;51.987;2020-02-12 01:34:51;1.188
P130+60;130.378;59.514;2019-10-28 10:41:34;1.034
P130+62;130.196;62.022;2018-10-25 17:13:08;1.164
P131+57;131.704;57.013;2019-10-26 19:56:34;0.991
P131+67;131.409;67.045;2018-08-14 03:55:38;1.087
P132+02;132.003;1.798;2020-12-23 10:25:17;0.936
P132+29;132.826;29.414;2018-10-24 12:23:52;0.935
P132+34;132.291;34.431;2019-12-14 19:58:47;1.05
P132+37;132.147;36.94;2019-11-21 02:06:57;0.918
P132+42;132.452;41.961;2019-10-28 02:54:46;1.067
P132+65;132.259;64.542;2018-09-25 01:06:58;1.03
P133+19;133.529;19.378;2020-05-21 22:01:25;0.977
P133+32;133.76;31.929;2019-12-01 20:33:29;0.611
P133+47;133.822;46.988;2019-03-25 22:18:28;0.739
P133+55;133.341;54.514;2019-10-22 18:26:46;1.066
P134+02;134.593;1.813;2020-12-31 01:21:25;1.001
P134+27;134.799;26.915;2019-12-06 04:00:14;0.842
P134+39;134.195;39.461;2019-10-18 14:13:33;0.94
P134+44;134.444;44.482;2019-02-06 10:18:25;0.977
P134+50;134.936;49.504;2018-10-23 23:18:21;1.094
P134+52;134.609;52.011;2019-10-23 03:12:28;1.03
P135+29;135.798;29.431;2020-02-13 07:43:02;0.908
P135+34;135.427;34.449;2018-10-23 16:18:59;0.985
P135+37;135.386;36.958;2019-11-21 03:40:39;0.933
P135+42;135.935;41.981;2019-09-27 00:33:46;0.987
P135+60;135.483;59.544;2019-11-19 07:15:19;0.971
P135+62;135.72;62.054;2018-10-24 00:14:06;1.047
P136+17;136.818;16.887;2018-10-19 17:27:19;0.941
P136+32;136.811;31.947;2020-01-23 12:20:13;0.937
P136+57;136.462;57.041;2019-11-14 01:17:53;0.934
P137+02;137.183;1.828;2020-12-12 10:45:57;0.963
P137+39;137.549;39.48;2019-10-28 12:52:12;0.9
P137+47;137.619;47.01;2019-10-09 04:44:37;1.064
P137+55;137.803;54.539;2019-07-04 19:54:08;1.004
P138+29;138.77;29.448;2020-01-29 01:17:35;0.769
P138+34;138.566;34.467;2019-12-06 16:03:18;0.884
P138+37;138.626;36.977;2019-11-20 06:56:24;0.821
P138+45;138.073;44.503;2019-03-10 23:26:30;0.985
P138+50;138.924;49.527;2018-10-19 13:47:00;1.144
P138+52;138.818;52.035;2019-07-07 16:52:47;0.813
P138+65;138.29;64.577;2019-03-20 11:46:55;0.979
P138+67;138.057;67.084;2019-09-02 03:10:33;1.07
P139+02;139.773;1.843;2020-12-11 03:56:41;1.103
P139+32;139.862;31.964;2020-01-27 06:30:10;0.955
P139+42;139.418;42.001;2019-02-06 13:15:47;0.884
P13Hetdex12;174.68;45.332;2018-08-27 18:05:03;1.021
P140+39;140.903;39.499;2019-10-24 23:37:32;0.86
P140+60;140.594;59.573;2019-04-27 01:08:06;1.007
P141+29;141.743;29.465;2020-02-04 07:56:05;0.879
P141+34;141.707;34.484;2019-12-04 03:49:58;0.896
P141+37;141.867;36.995;2018-10-18 20:35:19;0.992
P141+45;141.704;44.523;2018-10-24 00:17:54;1.348
P141+47;141.417;47.031;2018-09-05 07:37:02;1.081
P141+57;141.224;57.067;2019-02-17 18:14:28;0.941
P141+62;141.253;62.085;2019-10-26 22:33:19;0.904
P142+32;142.914;31.981;2020-01-12 21:13:40;1.056
P142+42;142.902;42.02;2018-10-15 07:34:10;1.042
P142+50;142.914;49.549;2019-03-04 00:10:44;1.246
P142+55;142.268;54.564;2018-09-04 21:04:30;0.994
P143+52;143.027;52.059;2019-02-17 17:50:21;0.949
P144+22;144.131;21.948;2018-10-20 11:46:50;1.153
P144+29;144.72;29.481;2020-02-10 04:46:09;1.109
P144+35;144.848;34.502;2019-12-06 19:30:27;1.085
P144+40;144.259;39.518;2019-03-10 04:34:19;0.921
P144+65;144.328;64.611;2019-11-07 16:07:41;0.96
P144+67;144.717;67.121;2019-11-18 11:08:07;1.009
P145+32;145.966;31.998;2019-12-01 13:19:06;0.968
P145+37;145.109;37.013;2019-03-09 11:56:43;0.904
P145+45;145.336;44.544;2018-09-04 15:56:51;0.998
P145+47;145.216;47.052;2018-09-05 09:51:55;1.001
P145+57;145.989;57.094;2019-01-15 19:27:40;0.986
P145+60;145.71;59.601;2019-03-22 22:07:37;0.984
P146+42;146.39;42.039;2018-09-15 05:16:26;1.004
P146+50;146.905;49.571;2018-10-31 01:32:28;1.034
P146+55;146.736;54.589;2018-09-04 07:35:36;1.086
P146+62;146.786;62.116;2019-10-28 03:57:44;0.918
P147+29;147.691;29.497;2018-10-14 23:23:54;0.996
P147+35;147.99;34.519;2019-11-30 02:22:52;1.12
P147+40;147.616;39.536;2018-10-19 09:38:13;0.958
P147+52;147.239;52.082;2018-10-25 14:04:51;1.036
P148+37;148.352;37.031;2019-03-17 11:13:53;0.851
P148+45;148.969;44.563;2018-10-18 13:45:35;0.965
P149+32;149.019;32.015;2020-01-25 23:22:21;1.104
P149+42;149.874;42.059;2018-10-18 12:53:22;1.08
P149+47;149.017;47.073;2018-09-05 05:20:10;0.96
P149+70;149.752;69.656;2019-08-31 15:55:04;1.03
P14Hetdex04;174.68;49.748;2018-07-23 08:40:03;0.983
P150+30;150.666;29.514;2020-01-23 00:01:37;1.143
P150+40;150.973;39.555;2018-10-15 01:38:43;1.045
P150+50;150.899;49.593;2018-11-14 22:54:37;1
P150+57;150.758;57.12;2018-08-25 04:31:46;0.97
P150+60;150.831;59.629;2018-08-25 03:11:41;1.011
P150+65;150.374;64.644;2019-11-09 23:05:28;0.958
P150+82;150.244;82.167;2018-10-23 02:48:10;1.291
P151+35;151.132;34.536;2018-10-20 13:38:46;0.632
P151+37;151.595;37.048;2019-03-18 01:17:10;0.857
P151+52;151.454;52.105;2019-05-31 03:09:26;0.937
P151+55;151.206;54.613;2018-09-01 22:32:57;1.061
P151+67;151.386;67.157;2020-02-20 22:02:34;0.885
P152+22;152.503;21.994;2019-08-31 11:04:03;0.984
P152+32;152.072;32.031;2020-02-10 00:43:38;0.817
P152+45;152.604;44.583;2018-08-31 19:15:23;1.049
P152+47;152.819;47.094;2019-02-11 18:33:33;0.974
P152+62;152.327;62.146;2018-10-15 17:32:41;0.963
P153+30;153.641;29.53;2020-02-05 22:16:10;1.013
P153+42;153.362;42.078;2018-09-01 05:38:15;1.075
P154+35;154.275;34.553;2019-12-04 03:02:32;0.97
P154+37;154.839;37.066;2019-03-19 20:21:20;1.049
P154+40;154.331;39.573;2018-10-14 20:30:59;1.088
P154+50;154.894;49.615;2018-09-18 20:01:44;0.992
P155+04;155.683;4.44;2020-09-08 01:05:53;0.945
P155+19;155.49;19.5;2019-08-31 17:41:38;1.042
P155+27;155.132;27.028;2021-04-09 13:39:04;0.904
P155+32;155.126;32.048;2018-10-24 01:47:13;1.153
P155+52;155.672;52.128;2019-03-22 07:31:14;0.891
P155+55;155.679;54.637;2018-08-31 20:16:07;0.983
P155+57;155.53;57.146;2018-08-22 14:06:48;0.908
P155+60;155.955;59.657;2018-09-01 02:12:08;0.909
P156+30;156.616;29.546;2020-01-22 11:51:59;1.045
P156+42;156.854;42.096;2018-09-13 00:34:51;1.035
P156+45;156.24;44.603;2018-10-27 08:55:47;1.171
P156+47;156.623;47.114;2018-10-27 02:34:56;1.195
P156+65;156.427;64.676;2019-10-09 12:59:30;0.967
P157+35;157.418;34.57;2019-12-06 20:07:02;1.063
P157+40;157.69;39.591;2019-10-09 04:04:02;1.126
P157+62;157.873;62.176;2018-08-23 06:51:48;1.027
P158+14;158.101;14.494;2019-06-05 17:04:23;0.966
P158+32;158.181;32.064;2020-01-25 05:58:25;1.158
P158+37;158.087;37.084;2019-11-18 18:35:54;1.108
P158+50;158.891;49.636;2018-08-31 12:17:52;1.061
P158+67;158.066;67.193;2019-10-10 08:26:36;0.932
P159+30;159.594;29.562;2020-02-04 22:13:16;1.005
P159+45;159.876;44.622;2019-04-20 18:00:29;1.059
P159+52;159.89;52.151;2019-01-15 21:30:00;1.071
P15Hetdex13;176.801;47.493;2018-08-15 15:36:33;0.873
P160+15;160.777;14.508;2021-02-02 03:33:21;1.045
P160+35;160.565;34.587;2019-12-05 09:03:50;1.13
P160+42;160.34;42.115;2019-04-03 17:15:21;1.097
P160+47;160.428;47.135;2019-04-20 20:46:48;0.944
P160+55;160.155;54.661;2018-08-31 11:45:11;1.088
P160+57;160.305;57.171;2018-08-30 18:34:11;1.03
P161+32;161.236;32.081;2020-02-13 04:31:18;1.127
P161+37;161.332;37.101;2019-03-12 09:21:58;1.216
P161+40;161.053;39.609;2019-10-08 20:46:52;1.076
P161+60;161.084;59.684;2018-08-29 17:25:12;0.915
P162+30;162.568;29.578;2020-02-05 05:05:14;1.053
P162+65;162.487;64.709;2019-11-16 05:10:17;1.112
P163+35;163.708;34.604;2019-11-29 08:01:04;1.15
P163+42;163.831;42.133;2019-02-08 20:10:53;0.992
P163+45;163.515;44.642;2018-08-28 16:19:13;1.132
P163+62;163.426;62.205;2019-10-26 09:04:52;1.03
P163+80;163.617;79.745;2018-11-01 00:26:50;1.274
P164+32;164.291;32.097;2020-03-04 14:00:37;0.917
P164+37;164.576;37.118;2019-11-16 11:36:04;1.022
P164+40;164.411;39.627;2018-09-25 10:39:37;1.281
P164+55;164.633;54.685;2018-08-04 18:02:24;0.99
P164+67;164.755;67.229;2020-02-08 11:13:22;0.889
P165+30;165.545;29.593;2020-01-24 14:24:20;1.005
P165+57;165.084;57.197;2018-09-08 06:45:50;0.962
P166+22;166.466;22.068;2019-04-24 18:37:54;0.952
P166+27;166.76;27.09;2020-02-05 14:24:56;1.12
P166+35;166.853;34.62;2019-03-09 14:26:02;1.511
P166+60;166.217;59.712;2019-03-23 21:40:42;1.025
P167+32;167.347;32.113;2019-12-07 01:24:21;1.038
P167+37;167.823;37.135;2019-11-16 09:32:10;1.074
P167+40;167.773;39.645;2019-10-09 21:20:48;0.93
P167+42;167.322;42.152;2019-02-08 18:17:17;0.911
P168+15;168.797;14.551;2020-02-17 19:39:04;0.978
P168+30;168.523;29.609;2019-04-03 08:24:05;1.009
P168+62;168.983;62.235;2018-10-10 09:04:57;1.072
P168+65;168.555;64.741;2019-11-11 18:20:41;1.04
P169+12;169.711;12.045;2020-02-17 21:13:20;1.079
P169+22;169.26;22.083;2018-10-11 09:08:22;0.901
P169+35;169.999;34.637;2019-12-05 18:36:11;1.116
P169+55;169.114;54.709;2018-07-25 22:05:57;0.904
P169+57;169.865;57.222;2018-08-22 13:20:48;1.027
P169+82;169.533;82.268;2019-03-21 05:53:10;1.417
P16Hetdex13;176.801;52.122;2018-07-24 05:28:29;0.899
P17;178.922;45.332;2018-08-27 12:26:02;0.986
P170+32;170.404;32.129;2019-11-30 11:15:29;1.045
P170+42;170.815;42.17;2019-02-21 04:24:28;0.933
P171+15;171.472;14.565;2020-08-19 06:26:03;1.021
P171+20;171.971;19.587;2020-12-10 06:36:12;1.081
P171+30;171.503;29.625;2020-01-22 10:12:44;0.879
P171+37;171.07;37.152;2019-04-14 23:51:09;0.969
P171+40;171.135;39.662;2019-10-16 22:33:19;0.919
P171+60;171.357;59.739;2018-08-24 09:08:14;1.02
P171+67;171.458;67.264;2019-11-17 19:38:23;0.883
P172+22;172.053;22.098;2021-01-31 03:10:48;1.23
P173+32;173.461;32.145;2020-01-27 03:04:03;0.941
P173+35;173.148;34.653;2019-11-26 06:10:46;0.974
P173+55;173.597;54.732;2018-08-16 01:24:42;1.017
P174+30;174.479;29.64;2020-02-03 22:59:55;0.933
P174+37;174.319;37.169;2019-11-14 03:43:21;0.942
P174+40;174.499;39.68;2019-10-18 19:58:08;1.003
P174+42;174.312;42.189;2019-03-17 08:34:12;0.86
P174+57;174.653;57.247;2018-11-18 05:34:11;1.001
P174+62;174.547;62.264;2019-10-28 23:35:34;1.106
P174+65;174.629;64.772;2020-01-23 16:58:24;0.985
P175+27;175.484;27.136;2019-03-17 19:39:36;1
P176+32;176.519;32.161;2019-12-08 08:18:57;0.771
P176+35;176.293;34.67;2019-11-22 11:42:11;1.234
P176+60;176.496;59.765;2019-01-16 10:12:12;1.063
P177+17;177.421;17.106;2019-12-29 21:45:46;0.989
P177+20;177.467;19.616;2018-08-26 23:14:44;1.036
P177+22;177.643;22.127;2018-10-11 05:23:41;1.02
P177+30;177.457;29.656;2020-01-26 15:02:57;0.862
P177+37;177.568;37.186;2019-11-19 19:36:06;0.969
P177+40;177.863;39.697;2019-10-14 14:50:28;0.936
P177+42;177.803;42.207;2019-03-29 19:18:11;1.033
P178+55;178.085;54.756;2018-07-26 12:51:50;0.993
P178+67;178.164;67.299;2018-10-10 13:38:53;0.947
P178+80;178.287;79.821;2019-03-17 00:12:20;1.1
P179+32;179.577;32.177;2020-02-12 13:52:24;0.961
P179+35;179.441;34.686;2018-09-25 01:08:17;1.111
P179+57;179.439;57.272;2019-02-11 20:48:48;1.061
P180+22;180.436;22.142;2017-04-18 22:11:00;1.109
P180+30;180.436;29.672;2020-02-01 12:04:23;0.77
P180+37;180.818;37.203;2019-04-30 19:36:45;1.034
P180+62;180.114;62.293;2019-10-31 08:51:00;0.95
P180+65;180.711;64.804;2018-08-12 18:49:13;1.076
P181+25;181.514;24.657;2020-03-14 05:59:49;1.024
P181+27;181.303;27.166;2019-02-12 07:46:52;1.195
P181+40;181.228;39.715;2019-10-12 22:57:32;0.936
P181+42;181.299;42.225;2018-09-26 22:31:25;1.045
P181+60;181.641;59.792;2019-03-23 05:41:48;0.956
P182+17;182.838;17.134;2019-03-09 11:54:17;1.128
P182+32;182.636;32.193;2020-01-22 13:44:49;0.86
P182+35;182.59;34.703;2020-02-11 03:50:23;0.982
P182+55;182.572;54.779;2018-08-05 09:25:32;0.949
P183+30;183.416;29.687;2020-02-05 11:00:11;0.754
P184+25;184.361;24.672;2020-03-14 07:33:36;0.982
P184+27;184.216;27.181;2018-10-10 10:21:24;0.976
P184+37;184.069;37.22;2019-11-20 06:43:50;1.025
P184+40;184.594;39.733;2019-10-23 07:08:35;0.888
P184+42;184.796;42.243;2018-09-26 01:53:45;1.036
P184+57;184.23;57.297;2019-01-24 07:47:42;1.011
P184+67;184.883;67.334;2019-11-19 03:53:52;0.996
P185+17;185.547;17.148;2019-03-08 15:37:12;1.345
P185+32;185.695;32.209;2020-01-26 13:03:28;0.98
P185+35;185.739;34.719;2019-11-26 18:36:35;1.031
P185+62;185.692;62.322;2019-02-07 12:21:26;0.974
P186+30;186.4;29.703;2020-02-05 16:44:58;0.778
P186+60;186.791;59.819;2019-04-08 08:58:42;0.969
P186+65;186.8;64.836;2019-11-15 21:09:38;1.014
P187+25;187.21;24.687;2020-03-14 08:41:13;1.098
P187+27;187.123;27.197;2020-03-26 07:34:25;0.929
P187+37;187.32;37.237;2019-05-05 13:50:52;1.02
P187+40;187.961;39.75;2018-09-06 11:06:10;1.026
P187+55;187.064;54.803;2018-07-22 11:28:41;0.933
P188+17;188.256;17.163;2019-03-09 08:56:14;2.974
P188+32;188.755;32.225;2018-08-21 00:22:52;1.056
P188+35;188.889;34.736;2019-05-01 04:16:27;0.907
P188+42;188.294;42.262;2018-09-24 07:56:39;0.969
P189+30;189.377;29.718;2020-02-08 10:33:25;0.84
P189+57;189.026;57.322;2019-02-12 07:48:15;1.061
P189+82;189.081;82.369;2021-04-07 10:37:19;1.027
P18Hetdex03;178.922;49.748;2018-07-24 21:36:55;0.942
P190+25;190.059;24.702;2020-03-26 07:12:25;1.105
P190+27;190.034;27.212;2018-08-22 04:13:33;1.053
P190+37;190.572;37.254;2019-11-05 23:32:46;0.955
P191+32;191.816;32.241;2019-11-05 12:18:20;0.89
P191+40;191.329;39.768;2018-09-23 08:23:50;0.892
P191+42;191.792;42.28;2018-09-23 22:54:20;0.97
P191+55;191.558;54.826;2018-08-06 12:48:36;0.953
P191+60;191.945;59.846;2019-04-21 12:34:42;1.013
P191+62;191.27;62.351;2019-10-15 00:19:23;0.99
P191+67;191.612;67.369;2020-01-23 03:47:33;1.047
P192+10;192.32;9.654;2020-05-21 23:59:30;1.128
P192+25;192.909;24.717;2019-05-30 07:18:28;1.16
P192+27;192.945;27.227;2018-08-19 23:00:02;1.028
P192+30;192.358;29.734;2019-04-28 04:45:58;0.892
P192+35;192.04;34.752;2019-04-26 06:49:26;0.946
P192+65;192.897;64.868;2019-11-22 20:16:00;1.077
P193+37;193.827;37.272;2019-10-25 04:07:47;1.01
P193+57;193.823;57.347;2018-08-24 00:34:24;1.08
P194+22;194.414;22.215;2020-03-25 14:04:37;1.162
P194+32;194.877;32.257;2018-07-15 19:01:15;1.066
P194+40;194.698;39.786;2019-12-18 19:36:49;0.834
P195+25;195.759;24.732;2018-08-27 08:18:23;1.16
P195+27;195.856;27.243;2018-07-20 01:40:56;1.412
P195+30;195.339;29.75;2018-08-18 21:03:49;1.055
P195+35;195.191;34.769;2019-04-27 02:51:48;1.025
P195+42;195.292;42.299;2018-09-23 06:29:39;1.055
P196+17;196.385;17.205;2019-05-20 00:45:49;1.229
P196+55;196.054;54.85;2018-08-04 14:06:27;0.987
P196+62;196.852;62.381;2019-11-18 16:19:59;1.037
P197+22;197.21;22.23;2019-04-27 06:53:19;1.028
P197+32;197.938;32.273;2018-07-16 02:40:00;0.885
P197+37;197.079;37.289;2019-08-30 00:36:00;1.039
P197+60;197.103;59.873;2019-04-08 08:41:52;1.008
P198+25;198.609;24.747;2019-06-02 16:02:29;0.96
P198+27;198.768;27.258;2018-08-17 19:28:57;1.132
P198+30;198.321;29.766;2018-08-17 12:11:34;0.973
P198+35;198.343;34.785;2019-05-01 00:54:44;1.022
P198+40;198.067;39.804;2019-12-18 16:37:40;0.917
P198+42;198.793;42.317;2018-09-22 00:16:32;1.265
P198+57;198.625;57.373;2019-03-12 09:12:12;0.944
P198+67;198.351;67.405;2019-11-16 15:44:14;1.14
P199+65;199;64.9;2019-11-17 12:07:41;1.031
P19Hetdex17;181.043;47.493;2018-07-20 17:56:06;0.993
P1Hetdex15;206.498;47.493;2018-08-02 16:32:34;0.986
P200+37;200.333;37.306;2019-05-11 06:22:39;0.93
P200+55;200.553;54.874;2018-08-08 20:52:58;1.016
P201+25;201.46;24.762;2019-08-14 02:23:02;0.765
P201+27;201.681;27.274;2018-08-07 05:20:52;1.029
P201+30;201.304;29.782;2018-08-14 01:02:11;0.951
P201+32;201.004;32.29;2018-08-16 18:42:29;0.845
P201+35;201.495;34.802;2019-07-01 10:32:42;0.956
P201+40;201.439;39.822;2019-09-24 03:42:18;1.001
P202+42;202.295;42.336;2018-10-13 02:33:15;1.018
P202+60;202.265;59.901;2019-04-18 00:11:21;0.997
P202+62;202.442;62.411;2019-05-19 02:03:16;1.059
P203+37;203.588;37.323;2019-05-04 05:35:47;1.042
P203+57;203.432;57.398;2019-02-06 07:50:30;0.978
P204+25;204.311;24.778;2019-04-28 18:44:05;0.967
P204+27;204.593;27.289;2019-08-14 04:44:12;0.798
P204+30;204.287;29.798;2018-08-15 08:29:14;0.85
P204+32;204.063;32.306;2018-08-16 06:31:50;0.757
P204+35;204.648;34.819;2018-08-14 02:10:16;1.037
P204+40;204.809;39.84;2018-09-21 09:32:28;0.984
P205+22;205.601;22.275;2020-03-14 04:14:13;0.887
P205+42;205.798;42.355;2018-09-22 00:01:37;0.999
P205+55;205.055;54.898;2018-08-18 09:00:45;0.996
P205+65;205.111;64.933;2019-12-12 06:48:04;1.064
P205+67;205.102;67.441;2019-12-01 14:51:39;1.134
P206+37;206.844;37.341;2019-05-03 23:04:02;0.924
P206+50;206.992;49.89;2018-08-06 13:15:08;0.941
P206+52;206.439;52.396;2018-07-25 19:21:39;1.031
P207+17;207.226;17.263;2019-09-01 12:20:02;1.051
P207+25;207.162;24.793;2019-10-23 01:52:23;0.927
P207+27;207.506;27.305;2018-08-14 04:53:44;0.977
P207+30;207.27;29.814;2019-04-27 16:23:23;0.784
P207+32;207.126;32.323;2018-11-04 09:52:01;0.719
P207+35;207.802;34.836;2018-10-23 00:30:19;1.044
P207+45;207.27;44.872;2018-08-23 06:17:55;1.004
P207+60;207.432;59.929;2019-03-13 05:43:40;0.948
P208+40;208.181;39.858;2019-09-19 04:06:46;0.983
P208+57;208.239;57.424;2018-10-31 13:42:29;1.063
P208+62;208.037;62.441;2019-11-03 09:39:11;0.974
P209+42;209.302;42.374;2018-09-21 10:06:18;1.075
P209+55;209.56;54.923;2018-08-15 15:05:18;1.001
P20Hetdex17;183.164;45.332;2018-09-02 20:54:49;0.884
P21;181.043;52.122;2018-08-04 03:29:16;0.872
P210+20;210.462;19.791;2019-08-31 10:39:02;0.967
P210+30;210.254;29.83;2019-06-10 17:41:58;0.845
P210+32;210.19;32.34;2019-09-24 01:36:13;0.841
P210+35;210.957;34.853;2019-06-03 13:00:49;0.957
P210+37;210.101;37.359;2019-09-27 20:38:22;0.973
P210+45;210.922;44.892;2018-08-23 04:11:27;1.092
P210+47;210.028;47.397;2018-08-08 16:32:43;1.193
P210+52;210.684;52.419;2018-08-07 09:47:42;1.008
P211+15;211.609;14.777;2019-08-10 03:08:26;1.106
P211+40;211.554;39.876;2019-08-18 06:12:39;1.029
P211+50;211.012;49.912;2018-08-13 16:31:58;0.95
P211+65;211.229;64.966;2019-11-15 13:44:04;0.992
P211+67;211.86;67.478;2019-11-22 08:32:46;0.999
P212+42;212.807;42.393;2018-09-20 18:18:33;1.033
P212+60;212.603;59.957;2019-04-20 19:16:51;1.095
P213+30;213.238;29.846;2019-11-29 22:32:18;0.745
P213+32;213.255;32.356;2019-11-29 15:05:56;0.761
P213+37;213.358;37.377;2019-05-05 00:16:12;0.952
P213+47;213.854;47.418;2018-08-04 12:00:47;1.065
P213+57;213.049;57.451;2018-10-31 01:33:02;0.988
P213+62;213.639;62.471;2019-10-28 16:01:11;0.919
P214+15;214.286;14.792;2019-06-26 19:26:03;0.909
P214+35;214.112;34.871;2018-09-12 04:09:38;0.925
P214+40;214.928;39.895;2019-10-12 23:46:50;1.128
P214+45;214.576;44.912;2018-08-22 19:35:04;1.124
P214+52;214.93;52.443;2018-08-14 12:33:03;1.028
P214+55;214.067;54.947;2018-08-06 05:51:36;0.941
P215+50;215.034;49.934;2018-08-11 04:32:32;0.924
P216+30;216.223;29.863;2019-11-29 08:49:49;0.874
P216+32;216.319;32.373;2019-11-28 09:18:42;0.785
P216+37;216.617;37.395;2019-05-12 13:52:55;0.863
P216+42;216.316;42.412;2018-09-12 01:24:20;1.095
P217+07;217.277;7.278;2019-09-02 03:33:37;0.85
P217+35;217.267;34.888;2019-05-06 18:57:56;0.932
P217+47;217.681;47.439;2018-08-09 23:24:05;1.114
P217+57;217.864;57.477;2019-01-02 02:37:15;1.074
P217+60;217.778;59.986;2018-10-28 00:38:26;1.161
P217+65;217.355;65;2019-11-09 06:10:55;1.022
P218+40;218.303;39.914;2019-10-13 04:45:56;1.118
P218+45;218.233;44.933;2018-08-22 16:33:46;0.945
P218+55;218.577;54.972;2018-08-06 02:17:42;0.946
P218+68;218.63;67.515;2020-01-22 06:12:17;1.001
P219+30;219.21;29.88;2020-02-09 12:24:26;0.869
P219+32;219.385;32.39;2019-11-27 22:01:37;0.907
P219+37;219.876;37.413;2019-05-03 15:56:01;0.92
P219+42;219.82;42.432;2018-09-12 04:42:35;0.981
P219+50;219.057;49.956;2018-08-03 04:27:55;0.854
P219+52;219.182;52.467;2018-08-02 02:51:08;0.948
P219+63;219.248;62.503;2019-10-16 05:47:39;1.026
P220+02;220.068;2.274;2019-09-19 03:54:19;0.908
P220+35;220.424;34.906;2019-11-21 13:50:43;0.872
P221+40;221.679;39.933;2018-09-08 17:27:48;1.058
P221+45;221.891;44.953;2018-08-22 17:01:00;0.827
P221+47;221.51;47.461;2018-08-09 23:13:00;0.928
P222+30;222.194;29.896;2018-10-10 09:57:09;0.967
P222+32;222.451;32.408;2019-11-27 17:17:40;0.981
P222+58;222.683;57.505;2019-04-25 02:49:34;1.083
P222+60;222.958;60.015;2019-04-17 09:05:46;1
P223+35;223.581;34.924;2019-03-11 14:22:10;1.106
P223+37;223.135;37.431;2019-03-13 14:30:01;0.918
P223+42;223.328;42.452;2018-09-08 13:39:18;0.997
P223+50;223.083;49.979;2018-08-01 14:22:45;1.088
P223+52;223.431;52.491;2018-08-10 07:13:01;0.799
P223+55;223.09;54.998;2018-07-30 20:59:09;1.103
P223+65;223.489;65.035;2019-11-12 16:58:44;1.024
P224+63;224.859;62.535;2019-11-06 08:46:20;1.014
P225+02;225.249;2.303;2021-03-06 20:06:28;1.367
P225+22;225.19;22.384;2020-08-02 03:12:36;1.149
P225+30;225.181;29.913;2019-03-10 06:06:59;1.005
P225+32;225.517;32.425;2019-03-11 14:02:39;1.023
P225+40;225.055;39.952;2018-09-08 04:56:21;0.924
P225+45;225.55;44.974;2019-01-15 17:33:26;0.973
P225+47;225.34;47.483;2018-08-09 10:21:05;0.968
P225+68;225.411;67.554;2019-11-19 07:08:52;0.984
P225+70;225.012;70.059;2019-08-28 14:12:17;0.973
P226+35;226.739;34.942;2019-11-11 11:41:43;0.852
P226+37;226.397;37.45;2019-11-14 07:21:13;0.898
P226+42;226.84;42.472;2018-08-21 23:15:16;0.967
P227+27;227.91;27.419;2020-10-23 11:23:21;1.096
P227+50;227.11;50.002;2018-08-01 17:37:42;0.949
P227+53;227.685;52.515;2018-08-03 12:29:29;0.899
P227+55;227.606;55.024;2018-08-19 12:58:30;1.056
P227+58;227.505;57.532;2019-04-25 02:47:52;1.02
P228+05;228.399;4.831;2018-10-11 15:49:13;1.214
P228+30;228.168;29.931;2018-09-06 09:19:50;0.995
P228+32;228.585;32.443;2019-11-09 16:08:01;1.007
P228+40;228.433;39.972;2019-10-15 10:47:26;0.941
P228+60;228.143;60.045;2019-04-11 04:10:18;0.981
P229+25;229.986;24.922;2020-10-24 03:43:55;1.047
P229+35;229.897;34.961;2019-05-23 20:03:23;0.9
P229+37;229.657;37.469;2019-05-27 20:03:00;0.936
P229+45;229.21;44.996;2018-11-17 04:48:56;0.93
P229+48;229.172;47.505;2018-11-12 23:22:03;0.991
P229+65;229.631;65.071;2018-08-27 22:36:14;0.971
P22Hetdex04;183.164;49.748;2018-07-21 23:25:25;0.978
P230+07;230.328;7.353;2018-10-10 14:31:48;1.324
P230+27;230.827;27.436;2019-02-12 14:14:25;1.125
P230+42;230.348;42.493;2018-10-15 12:11:04;0.974
P230+63;230.478;62.567;2019-02-07 07:37:22;1.033
P231+30;231.155;29.948;2019-06-02 20:58:21;0.973
P231+32;231.652;32.461;2019-12-05 16:27:53;0.999
P231+40;231.812;39.992;2019-10-21 11:39:37;0.937
P231+50;231.14;50.026;2019-04-03 17:46:43;0.98
P231+53;231.941;52.54;2018-10-30 05:32:12;0.973
P232+07;232.935;7.368;2018-10-07 11:18:28;1.463
P232+25;232.841;24.938;2020-10-23 05:08:58;0.763
P232+37;232.92;37.488;2019-11-17 13:04:54;0.957
P232+45;232.872;45.017;2019-03-20 22:12:09;0.92
P232+55;232.128;55.05;2019-04-14 18:19:30;0.919
P232+58;232.331;57.561;2019-03-20 07:34:02;1.015
P232+68;232.203;67.594;2019-11-23 07:42:08;1.073
P232+70;232.62;70.103;2018-10-08 12:47:08;1.097
P233+22;233.591;22.433;2020-10-24 14:26:52;0.785
P233+27;233.744;27.453;2020-10-16 01:56:43;1.124
P233+35;233.056;34.979;2019-02-07 09:35:31;0.806
P233+43;233.86;42.513;2018-10-14 13:02:29;0.889
P233+48;233.006;47.528;2019-04-08 03:09:39;0.832
P233+60;233.332;60.075;2019-04-20 19:53:27;0.923
P234+17;234.344;17.417;2020-02-29 16:53:26;0.956
P234+30;234.143;29.966;2019-04-17 20:40:28;0.999
P234+32;234.722;32.479;2020-01-26 08:34:13;0.804
P235+25;235.696;24.955;2020-10-16 17:48:54;1.226
P235+40;235.192;40.011;2019-11-02 14:55:27;0.928
P235+50;235.171;50.05;2019-03-28 22:33:19;0.996
P235+65;235.782;65.107;2019-11-09 13:54:18;1.056
P236+22;236.391;22.449;2021-02-15 03:52:42;0.762
P236+35;236.216;34.998;2018-10-07 23:57:53;1.004
P236+38;236.183;37.508;2019-06-03 05:57:16;0.938
P236+45;236.535;45.039;2018-11-17 17:58:27;0.985
P236+48;236.841;47.55;2018-09-05 21:18:01;0.981
P236+53;236.199;52.565;2018-11-07 07:18:16;0.985
P236+55;236.647;55.077;2019-03-10 17:59:09;0.748
P236+63;236.104;62.601;2019-11-17 06:28:10;0.894
P237+30;237.131;29.984;2020-02-03 23:09:41;0.924
P237+32;237.79;32.498;2020-02-13 13:33:41;0.985
P237+43;237.373;42.534;2018-10-13 23:07:26;1.287
P237+58;237.161;57.59;2018-11-17 05:27:03;1.086
P238+40;238.572;40.032;2019-10-22 04:17:08;1.363
P238+60;238.526;60.107;2019-04-25 04:17:56;1.031
P238+80;238.126;80.15;2019-09-15 14:32:59;1.144
P239+27;239.579;27.489;2018-12-21 01:10:06;0.568
P239+35;239.377;35.017;2019-02-11 15:17:18;0.946
P239+38;239.447;37.527;2020-02-03 14:44:48;0.745
P239+50;239.205;50.074;2019-04-07 05:07:30;0.792
P239+68;239.007;67.634;2018-10-11 06:47:31;0.997
P23Hetdex20;185.286;47.493;2018-08-07 18:58:10;0.968
P240+20;240.741;19.966;2021-01-28 19:24:02;0.918
P240+30;240.12;30.002;2019-02-05 17:58:22;1.045
P240+33;240.86;32.516;2018-09-07 15:08:53;1.072
P240+43;240.887;42.556;2018-10-11 23:48:50;1.227
P240+45;240.202;45.061;2018-11-06 14:36:29;1.043
P240+48;240.678;47.574;2018-10-30 20:25:39;1.004
P240+53;240.461;52.591;2019-03-28 14:31:08;1.019
P241+15;241.069;14.948;2019-03-20 01:55:50;0.863
P241+40;241.954;40.053;2019-10-17 06:40:57;2.542
P241+55;241.172;55.105;2019-03-17 02:12:17;1.194
P241+58;241.995;57.619;2019-03-23 04:44:06;1.223
P241+63;241.736;62.635;2019-10-31 09:26:49;0.963
P241+65;241.941;65.144;2019-11-09 03:54:10;0.999
P242+10;242.231;9.934;2019-03-10 12:07:51;0.866
P242+17;242.484;17.466;2020-12-23 05:56:00;0.961
P242+28;242.497;27.507;2018-10-07 10:05:03;1.09
P242+35;242.538;35.037;2018-10-07 15:27:58;0.942
P242+38;242.712;37.547;2019-01-23 20:26:45;1.045
P243+12;243.878;12.455;2019-10-14 04:12:33;0.99
P243+15;243.748;14.964;2019-10-15 12:13:06;1.023
P243+30;243.11;30.02;2019-12-02 07:40:04;0.959
P243+33;243.93;32.535;2018-10-06 11:40:44;0.996
P243+45;243.866;45.084;2019-03-26 06:19:43;0.93
P243+50;243.24;50.099;2019-02-07 16:19:51;1.205
P243+60;243.725;60.139;2018-10-27 20:48:50;1.014
P244+43;244.402;42.578;2019-06-13 08:53:37;0.982
P244+48;244.519;47.597;2018-12-30 11:25:20;1.115
P244+53;244.724;52.618;2019-01-14 13:19:12;1.327
P245+35;245.7;35.056;2019-11-21 12:46:12;0.824
P245+38;245.977;37.568;2019-11-14 17:14:51;1.203
P245+40;245.337;40.074;2018-10-06 17:58:57;1.273
P245+55;245.703;55.133;2019-02-25 17:57:46;1.362
P245+68;245.822;67.677;2019-11-12 21:03:29;0.993
P246+30;246.102;30.039;2019-11-30 22:28:20;1.066
P246+58;246.833;57.649;2018-10-23 02:40:59;1.091
P247+33;247.001;32.554;2019-12-01 18:21:30;0.943
P247+43;247.919;42.599;2019-10-28 13:28:53;1.001
P247+45;247.534;45.107;2019-10-02 19:49:29;1.043
P247+50;247.277;50.124;2019-11-14 08:06:02;0.807
P247+63;247.374;62.67;2019-11-09 07:20:06;1.075
P248+35;248.863;35.076;2020-01-13 21:32:20;0.985
P248+40;248.72;40.095;2018-10-06 01:52:54;1.116
P248+48;248.357;47.622;2019-11-14 10:51:18;0.876
P248+53;248.99;52.645;2019-11-05 05:53:14;1.292
P248+60;248.93;60.171;2019-04-25 21:47:38;1.082
P248+65;248.111;65.183;2018-09-04 08:00:00;1.132
P248+73;248.224;72.705;2018-10-06 01:28:05;1.005
P249+30;249.091;30.058;2019-05-31 10:46:25;1.03
P249+38;249.244;37.588;2018-10-05 07:55:36;0.96
P250+33;250.073;32.574;2019-02-11 22:48:32;1.08
P250+55;250.232;55.162;2019-11-03 12:55:47;1.179
P251+28;251.255;27.562;2019-02-07 13:58:51;1.017
P251+43;251.437;42.622;2019-07-06 17:24:49;0.889
P251+45;251.203;45.13;2019-11-27 07:54:09;1.097
P251+50;251.318;50.15;2019-11-17 05:59:16;1.01
P251+58;251.674;57.68;2019-10-30 09:33:53;1.007
P252+30;252.082;30.077;2020-02-15 09:51:21;1.084
P252+35;252.027;35.096;2018-10-04 02:32:50;0.965
P252+38;252.511;37.609;2018-10-03 18:32:37;0.946
P252+40;252.105;40.117;2020-01-22 16:09:19;1.013
P252+48;252.2;47.646;2019-11-02 18:23:37;0.969
P252+68;252.653;67.72;2019-12-06 07:40:57;0.947
P253+33;253.145;32.594;2020-02-12 22:56:09;0.792
P253+63;253.02;62.706;2019-10-13 15:05:01;1.152
P254+43;254.956;42.645;2018-10-19 17:51:25;1.039
P254+45;254.873;45.154;2019-06-17 09:36:34;1.009
P254+60;254.139;60.205;2019-11-01 09:22:52;1.007
P254+65;254.285;65.223;2018-10-03 23:11:04;0.956
P255+25;255.692;25.08;2019-02-09 01:38:39;1.027
P255+30;255.074;30.096;2018-10-15 15:18:15;0.98
P255+35;255.192;35.117;2020-01-09 00:05:19;1.077
P255+38;255.78;37.631;2018-10-03 17:50:13;1.157
P255+40;255.491;40.139;2019-11-28 19:01:09;1.219
P255+78;255.854;77.762;2019-06-14 00:39:52;1.12
P256+33;256.218;32.614;2020-01-13 07:02:58;1.042
P256+58;256.52;57.712;2020-02-17 13:25:31;0.956
P258+30;258.066;30.116;2019-01-25 17:26:52;1.055
P258+35;258.357;35.138;2020-01-24 01:21:41;0.943
P258+40;258.878;40.161;2020-02-07 10:25:34;1.225
P258+43;258.476;42.668;2020-02-04 16:01:59;0.93
P258+45;258.546;45.178;2020-02-14 09:20:20;1.15
P259+33;259.292;32.634;2018-10-02 06:14:15;1.05
P259+38;259.049;37.652;2019-11-26 02:06:58;1.131
P259+55;259.304;55.221;2021-03-25 20:16:54;1.034
P259+68;259.491;67.765;2019-03-20 15:27:53;1.064
P25Hetdex09;185.286;52.122;2018-07-28 05:51:57;0.833
P260+20;260.027;20.089;2020-09-18 11:30:53;0.977
P260+28;260.018;27.619;2018-09-11 06:58:36;1.011
P260+65;260.472;65.264;2019-01-25 17:23:42;1.044
P261+25;261.409;25.119;2021-02-14 16:54:09;0.89
P261+30;261.059;30.136;2019-12-07 16:11:52;1.031
P261+35;261.523;35.159;2020-01-21 22:47:57;1.055
P261+43;261.998;42.691;2019-12-07 09:22:25;1.155
P261+58;261.37;57.744;2020-02-20 19:44:14;1.052
P262+28;262.94;27.639;2020-11-24 20:42:45;1.063
P262+33;262.366;32.655;2020-02-08 05:33:03;1.006
P262+38;262.319;37.674;2018-10-02 06:26:38;1.073
P262+40;262.266;40.184;2018-10-02 06:19:18;1.117
P262+45;262.219;45.203;2020-02-05 10:41:51;0.993
P264+30;264.053;30.156;2018-10-01 06:25:54;1.12
P264+35;264.69;35.18;2019-03-13 01:49:11;0.909
P264+63;264.331;62.782;2020-10-29 10:19:56;1.019
P265+10;265.886;10.088;2019-07-30 16:37:08;0.871
P265+15;265.19;15.104;2018-10-01 15:00:24;0.867
P265+28;265.862;27.659;2020-12-06 06:53:38;1.043
P265+33;265.441;32.676;2019-12-06 08:06:55;0.913
P265+38;265.591;37.696;2018-10-20 10:46:48;1.057
P265+40;265.656;40.207;2019-06-29 10:10:32;0.971
P265+43;265.521;42.715;2019-02-05 09:29:28;1.06
P265+45;265.895;45.228;2019-09-30 13:10:50;1.101
P266+68;266.346;67.811;2019-02-21 00:48:31;1.046
P267+30;267.047;30.177;2018-10-15 08:08:14;1.056
P267+35;267.858;35.202;2020-01-09 17:44:18;0.998
P267+50;267.498;50.258;2019-03-31 17:53:53;1.152
P268+28;268.785;27.679;2019-01-22 21:14:19;0.922
P268+33;268.517;32.697;2019-01-22 11:27:03;1.008
P268+38;268.863;37.719;2019-02-01 06:54:57;1.107
P269+40;269.047;40.23;2019-12-09 16:28:43;1.099
P269+43;269.045;42.74;2019-01-21 18:05:04;1.262
P269+45;269.571;45.253;2020-01-27 03:45:57;0.887
P26Hetdex03;187.407;49.748;2018-07-25 04:05:18;1.019
P270+30;270.043;30.197;2019-08-31 18:55:04;1.046
P271+10;271.145;10.125;2021-03-13 03:13:54;0.792
P271+33;271.594;32.718;2019-12-05 10:48:42;1.053
P271+35;271.026;35.224;2018-10-20 02:26:11;1.14
P272+38;272.136;37.742;2018-10-19 21:00:23;1.192
P272+40;272.44;40.254;2018-11-22 08:22:46;1.298
P272+43;272.571;42.764;2019-01-25 05:37:35;1.141
P272+65;272.874;65.349;2020-01-29 01:08:38;0.973
P273+30;273.037;30.218;2018-11-01 09:10:58;1.093
P273+45;273.25;45.279;2019-01-20 15:11:16;1.308
P274+33;274.672;32.74;2019-11-25 19:01:07;1.004
P274+35;274.196;35.246;2020-01-26 21:35:56;0.964
P275+25;275.71;25.218;2019-01-26 01:17:43;1.031
P275+38;275.411;37.765;2019-12-11 11:51:58;1.067
P275+40;275.83;40.278;2020-01-29 03:14:38;1.565
P275+63;275.672;62.861;2018-09-30 00:56:14;1.109
P276+30;276.035;30.24;2019-01-19 20:03:38;1.022
P276+43;276.098;42.789;2019-01-20 02:38:14;1.276
P276+45;276.93;45.305;2019-12-03 21:38:06;1.06
P277+28;277.557;27.741;2020-11-18 22:43:39;0.792
P277+33;277.749;32.762;2019-02-21 20:28:07;0.919
P277+35;277.366;35.269;2019-01-18 03:17:12;1.019
P278+38;278.686;37.789;2019-02-26 08:44:20;1.398
P279+30;279.03;30.262;2020-02-10 23:10:59;1.283
P279+40;279.224;40.302;2019-01-16 14:24:47;1.3
P279+43;279.626;42.815;2019-01-16 08:11:33;1.247
P279+48;279.148;47.831;2019-01-17 19:00:37;0.929
P279+65;279.09;65.394;2019-06-03 11:45:44;0.897
P27Hetdex09;189.528;47.493;2018-08-01 22:38:53;0.989
P280+33;280.828;32.784;2018-11-04 19:19:04;1.159
P280+45;280.612;45.332;2019-09-17 17:49:29;1.442
P280+60;280.27;60.385;2019-02-23 11:46:29;1.023
P281+38;281.962;37.813;2019-02-17 15:57:07;1.536
P283+33;283.908;32.807;2019-12-05 03:16:17;1.2
P283+43;283.157;42.841;2019-01-16 13:54:27;1.604
P285+65;285.32;65.44;2018-09-27 14:22:40;0.926
P287+63;287.045;62.944;2021-04-03 06:40:03;1.111
P290+48;290.728;47.917;2019-09-15 11:00:07;2.228
P293+20;293.127;20.326;2020-05-23 10:32:42;1.177
P294+71;294.141;70.522;2019-02-21 17:22:07;1.074
P295+50;295.908;50.466;2019-12-04 00:10:17;1.13
P29Hetdex19;189.528;52.122;2018-07-30 12:43:37;0.996
P2Hetdex01;161.952;49.748;2018-07-26 16:35:30;1.085
P300+68;300.835;68.067;2019-11-20 20:30:35;0.908
P305+58;305.231;58.068;2019-09-09 07:51:10;0.948
P309+30;309.036;30.492;2018-09-29 12:01:25;1.269
P30Hetdex06;191.649;49.748;2018-08-04 07:18:37;0.951
P310+66;310.339;65.635;2019-09-03 03:56:02;0.974
P311+61;311.832;60.63;2019-10-14 01:13:23;1.055
P31Hetdex19;193.771;47.493;2018-08-07 03:27:17;0.988
P320+23;320.593;23.057;2018-09-13 06:58:58;1.096
P323+00;323.715;0.491;2019-04-29 01:49:33;0.889
P326+01;326.304;0.513;2019-03-10 02:32:25;1.007
P327+06;327.162;5.541;2019-03-10 09:18:28;0.896
P328+01;328.892;0.535;2019-07-04 11:11:31;1.045
P329+06;329.763;5.563;2019-06-03 09:56:02;0.916
P329+08;329.581;8.071;2020-06-07 08:11:08;0.872
P329+18;329.47;18.111;2018-09-26 19:53:08;0.938
P329+21;329.047;20.618;2019-09-19 20:48:08;0.89
P32Hetdex08;195.892;45.332;2018-08-31 16:28:45;0.991
P330+26;330.169;25.647;2019-09-02 07:15:16;0.91
P330+28;330.303;28.158;2019-09-03 16:27:07;1.029
P330+31;330.084;30.667;2020-02-09 00:26:33;0.986
P330+33;330.202;33.178;2019-08-14 23:37:36;0.856
P331+21;331.814;20.641;2019-02-07 07:01:49;0.792
P331+23;331.851;23.151;2019-07-19 19:25:02;1.007
P331+36;331.411;35.698;2020-01-29 00:31:58;0.903
P332+18;332.193;18.134;2020-01-29 11:33:05;0.966
P333+26;333.041;25.672;2019-02-11 18:25:30;0.763
P333+28;333.24;28.183;2019-09-15 05:40:15;1.106
P333+31;333.094;30.692;2019-07-19 00:26:28;0.906
P333+33;333.295;33.204;2019-08-24 18:28:24;0.969
P333+41;333.709;40.737;2020-02-04 02:18:45;1.049
P334+16;334.989;15.648;2018-09-30 14:46:33;1.065
P334+18;334.917;18.157;2018-09-26 17:28:28;1.018
P334+21;334.579;20.665;2019-09-20 08:11:38;0.969
P334+23;334.666;23.175;2019-07-31 16:55:10;0.984
P334+36;334.597;35.725;2019-05-19 05:49:10;0.93
P334+58;334.707;58.312;2019-10-12 18:05:06;1.302
P335+26;335.914;25.696;2018-09-12 17:45:41;0.984
P336+13;336.78;13.153;2020-10-04 06:37:14;0.855
P336+28;336.177;28.209;2019-12-03 23:47:18;1.003
P336+31;336.108;30.718;2019-07-21 13:29:59;0.979
P336+33;336.39;33.23;2019-07-19 20:07:39;1.037
P337+18;337.643;18.181;2019-09-14 20:24:44;0.914
P337+21;337.346;20.688;2019-11-23 20:06:57;1.215
P337+23;337.482;23.2;2019-08-01 10:31:40;0.949
P337+36;337.786;35.752;2020-02-03 05:48:01;0.886
P338+26;338.787;25.721;2018-09-12 01:38:30;0.997
P339+13;339.439;13.176;2019-08-14 08:47:29;1.12
P339+28;339.115;28.234;2019-06-19 14:10:19;0.99
P339+31;339.116;30.744;2019-12-09 04:46:43;0.978
P339+33;339.485;33.257;2018-09-08 03:44:13;0.925
P33Hetdex08;193.771;52.122;2018-07-27 03:19:08;0.913
P340+16;340.365;15.694;2019-11-01 08:50:33;0.869
P340+18;340.367;18.204;2019-09-24 13:27:29;0.97
P340+21;340.113;20.712;2019-11-07 06:38:47;0.991
P340+23;340.299;23.224;2019-03-26 21:20:48;0.86
P340+36;340.977;35.78;2019-04-15 19:53:43;0.845
P341+26;341.66;25.746;2018-09-11 03:05:14;0.995
P342+11;342.201;10.69;2020-12-24 01:11:30;0.929
P342+13;342.097;13.199;2020-10-16 22:16:25;0.932
P342+21;342.881;20.736;2019-09-15 07:09:33;1.122
P342+28;342.053;28.259;2018-09-09 17:04:14;1.119
P342+31;342.129;30.77;2019-02-19 10:08:16;0.911
P342+33;342.581;33.284;2019-07-23 04:19:28;1.01
P343+18;343.092;18.228;2020-01-27 08:01:57;1.024
P343+23;343.116;23.248;2019-07-30 01:50:37;1.058
P344+26;344.535;25.77;2019-04-01 06:22:23;1.387
P344+28;344.992;28.285;2018-09-10 07:39:35;1.09
P344+36;344.168;35.807;2020-01-23 01:41:54;0.794
P345+18;345.817;18.252;2020-02-13 21:38:04;1.012
P345+21;345.649;20.76;2019-03-15 06:00:47;0.912
P345+23;345.935;23.273;2019-07-13 13:23:47;0.978
P345+31;345.145;30.796;2019-05-16 17:19:32;0.987
P345+33;345.678;33.31;2018-09-07 14:41:05;1.118
P347+26;347.409;25.796;2019-05-05 04:10:57;1.133
P347+28;347.932;28.31;2019-03-25 22:09:12;1.023
P347+36;347.361;35.835;2019-10-09 00:17:38;0.945
P348+18;348.543;18.275;2019-10-02 19:49:11;1.177
P348+21;348.417;20.784;2020-02-10 04:36:17;1.256
P348+23;348.752;23.297;2019-09-22 13:31:09;0.981
P348+31;348.156;30.822;2018-09-13 09:36:02;0.963
P348+33;348.776;33.337;2019-08-30 12:01:43;0.997
P34Hetdex06;195.892;49.748;2018-07-20 23:23:21;0.923
P350+26;350.285;25.82;2019-07-11 20:13:51;1.09
P350+28;350.873;28.336;2019-07-11 20:32:11;0.943
P350+36;350.558;35.863;2020-02-12 20:18:44;0.928
P351+16;351.122;15.787;2018-09-10 13:40:15;1.151
P351+18;351.269;18.299;2019-12-04 22:16:30;1.009
P351+21;351.186;20.808;2019-11-15 19:54:23;1.017
P351+23;351.57;23.322;2019-08-01 09:29:58;1.118
P351+31;351.171;30.848;2019-07-16 02:43:37;0.94
P351+33;351.875;33.364;2019-07-14 13:16:38;0.888
P352+01;352.189;0.735;2019-09-20 05:34:54;1.625
P353+18;353.999;18.323;2020-02-04 16:39:49;0.908
P353+21;353.956;20.832;2019-06-17 22:28:29;1.455
P353+26;353.161;25.846;2019-07-04 03:27:29;1.064
P353+28;353.814;28.361;2019-07-16 04:09:54;1.108
P353+36;353.749;35.891;2019-10-15 20:15:41;0.976
P354+23;354.389;23.346;2019-03-25 05:18:16;1.017
P354+31;354.186;30.874;2019-07-04 10:46:08;0.939
P354+33;354.975;33.391;2019-08-14 17:42:27;0.992
P356+16;356.503;15.834;2019-01-17 14:58:20;1.235
P356+18;356.723;18.346;2019-11-24 00:22:51;0.953
P356+21;356.725;20.856;2019-12-04 20:21:43;1.004
P356+26;356.037;25.87;2019-03-31 10:04:53;1.043
P356+28;356.757;28.387;2019-03-24 05:09:31;1.067
P356+36;356.945;35.918;2019-06-25 10:33:30;1.031
P357+01;357.367;0.781;2019-09-28 22:42:15;0.902
P357+23;357.209;23.371;2019-07-20 01:43:55;0.873
P357+31;357.203;30.901;2019-07-02 04:02:31;0.955
P357+38;357.645;38.434;2019-10-31 09:52:15;1.131
P358+26;358.915;25.896;2019-07-14 20:36:17;1.017
P358+33;358.076;33.418;2018-09-05 14:20:22;1.098
P359+16;359.193;15.858;2018-09-10 12:39:24;1.042
P359+18;359.452;18.37;2020-02-08 23:42:27;0.922
P359+21;359.496;20.881;2019-09-19 09:10:43;1.02
P359+28;359.699;28.413;2019-07-13 07:18:41;0.852
P35Hetdex10;198.013;47.493;2018-07-23 09:12:11;1.031
P36Hetdex10;200.134;45.332;2018-08-23 07:14:26;1.079
P37Hetdex15;198.013;52.122;2018-08-02 09:47:42;0.992
P38Hetdex07;200.134;49.748;2018-08-08 00:32:59;1.038
P39Hetdex19;202.256;47.493;2018-08-02 15:24:23;0.925
P3Hetdex16;164.073;47.493;2018-07-26 03:46:40;1.07
P40Hetdex19;204.377;45.332;2018-08-23 20:33:56;0.924
P42Hetdex07;204.377;49.748;2018-07-26 09:44:50;0.947
P4Hetdex16;164.073;52.122;2018-07-26 17:53:12;1.058
P5Hetdex;166.195;45.332;2018-07-26 22:55:00;0.983
P5Hetdex41;202.256;52.122;2018-08-12 02:23:36;1.024
P6;166.195;49.748;2018-08-01 09:00:34;0.973
P7Hetdex11;168.316;47.493;2018-07-25 08:14:45;0.968
P8Hetdex;168.316;52.122;2018-07-19 18:22:43;0.905
P8Hetdex28;191.649;45.332;2018-08-26 23:25:18;0.942
P9Hetdex01;170.437;45.332;2018-09-04 10:35:16;0.862
P24Hetdex20;187.407;45.332;2018-08-27 21:19:52;1.010
